Ngày,Giá điều chỉnh,Giá đóng cửa,Thay đổi (+/-%),GD khớp lệnh_KL,GD khớp lệnh_GT,GD thỏa thuận_KL,GD thỏa thuận_GT,Giá mở cửa,Giá cao nhất, Giá thấp nhất
14/06/2023,61.70,61.70,-0.20,"1,234,500","76,147,000,000",0,0,62.20,62.40,61.00
13/06/2023,61.90,61.90,-0.20,"1,073,500","66,892,000,000",0,0,62.70,63.10,61.70
12/06/2023,62.10,62.10,4.00,"2,635,300","158,715,000,000",0,0,58.30,62.10,58.20
09/06/2023,58.10,58.10,0.90,"940,500","53,786,000,000","25,000","1,430,000,000",57.40,58.10,56.60
08/06/2023,57.20,57.20,-0.30,"1,041,400","59,894,000,000",0,0,57.50,57.90,57.10
07/06/2023,57.50,57.50,0.20,"754,600","43,163,000,000",0,0,57.70,57.90,56.70
06/06/2023,57.30,57.30,0.70,"1,129,200","65,142,000,000",0,0,57.30,58.60,57.00
05/06/2023,56.61,65.60,-0.40,"1,029,600","68,437,000,000",0,0,67.50,67.50,65.60
02/06/2023,56.95,66.00,1.10,"1,380,900","90,418,000,000",0,0,65.00,66.50,64.50
01/06/2023,56.00,64.90,1.20,"704,500","45,258,000,000",0,0,64.00,64.90,63.70
31/05/2023,54.97,63.70,-1.20,"558,900","36,047,000,000",0,0,64.90,65.20,63.70
30/05/2023,56.00,64.90,1.70,"1,244,200","80,434,000,000",0,0,63.30,65.30,63.30
29/05/2023,54.54,63.20,0.20,"417,800","26,428,000,000",0,0,63.70,63.70,63.00
26/05/2023,54.36,63.00,0.20,"388,000","24,383,000,000","3,000","189,000,000",63.00,63.50,62.50
25/05/2023,54.19,62.80,0.00,"434,300","27,097,000,000",0,0,62.80,62.90,62.00
24/05/2023,54.19,62.80,0.10,"308,500","19,386,000,000",0,0,62.70,63.00,62.70
23/05/2023,54.10,62.70,-0.30,"416,200","26,214,000,000",0,0,63.40,63.40,62.70
22/05/2023,54.36,63.00,0.70,"337,800","21,206,000,000",0,0,62.30,63.30,62.30
19/05/2023,53.76,62.30,-0.20,"305,100","18,960,000,000",0,0,62.00,62.90,61.90
18/05/2023,53.93,62.50,0.50,"362,800","22,509,000,000",0,0,62.00,62.50,61.70
14/06/2023,61.70,61.70,-0.20,"1,234,500","76,147,000,000",0,0,62.20,62.40,61.00
13/06/2023,61.90,61.90,-0.20,"1,073,500","66,892,000,000",0,0,62.70,63.10,61.70
12/06/2023,62.10,62.10,4.00,"2,635,300","158,715,000,000",0,0,58.30,62.10,58.20
09/06/2023,58.10,58.10,0.90,"940,500","53,786,000,000","25,000","1,430,000,000",57.40,58.10,56.60
08/06/2023,57.20,57.20,-0.30,"1,041,400","59,894,000,000",0,0,57.50,57.90,57.10
07/06/2023,57.50,57.50,0.20,"754,600","43,163,000,000",0,0,57.70,57.90,56.70
06/06/2023,57.30,57.30,0.70,"1,129,200","65,142,000,000",0,0,57.30,58.60,57.00
05/06/2023,56.61,65.60,-0.40,"1,029,600","68,437,000,000",0,0,67.50,67.50,65.60
02/06/2023,56.95,66.00,1.10,"1,380,900","90,418,000,000",0,0,65.00,66.50,64.50
01/06/2023,56.00,64.90,1.20,"704,500","45,258,000,000",0,0,64.00,64.90,63.70
31/05/2023,54.97,63.70,-1.20,"558,900","36,047,000,000",0,0,64.90,65.20,63.70
30/05/2023,56.00,64.90,1.70,"1,244,200","80,434,000,000",0,0,63.30,65.30,63.30
29/05/2023,54.54,63.20,0.20,"417,800","26,428,000,000",0,0,63.70,63.70,63.00
26/05/2023,54.36,63.00,0.20,"388,000","24,383,000,000","3,000","189,000,000",63.00,63.50,62.50
25/05/2023,54.19,62.80,0.00,"434,300","27,097,000,000",0,0,62.80,62.90,62.00
24/05/2023,54.19,62.80,0.10,"308,500","19,386,000,000",0,0,62.70,63.00,62.70
23/05/2023,54.10,62.70,-0.30,"416,200","26,214,000,000",0,0,63.40,63.40,62.70
22/05/2023,54.36,63.00,0.70,"337,800","21,206,000,000",0,0,62.30,63.30,62.30
19/05/2023,53.76,62.30,-0.20,"305,100","18,960,000,000",0,0,62.00,62.90,61.90
18/05/2023,53.93,62.50,0.50,"362,800","22,509,000,000",0,0,62.00,62.50,61.70
14/06/2023,61.70,61.70,-0.20,"1,234,500","76,147,000,000",0,0,62.20,62.40,61.00
13/06/2023,61.90,61.90,-0.20,"1,073,500","66,892,000,000",0,0,62.70,63.10,61.70
12/06/2023,62.10,62.10,4.00,"2,635,300","158,715,000,000",0,0,58.30,62.10,58.20
09/06/2023,58.10,58.10,0.90,"940,500","53,786,000,000","25,000","1,430,000,000",57.40,58.10,56.60
08/06/2023,57.20,57.20,-0.30,"1,041,400","59,894,000,000",0,0,57.50,57.90,57.10
07/06/2023,57.50,57.50,0.20,"754,600","43,163,000,000",0,0,57.70,57.90,56.70
06/06/2023,57.30,57.30,0.70,"1,129,200","65,142,000,000",0,0,57.30,58.60,57.00
05/06/2023,56.61,65.60,-0.40,"1,029,600","68,437,000,000",0,0,67.50,67.50,65.60
02/06/2023,56.95,66.00,1.10,"1,380,900","90,418,000,000",0,0,65.00,66.50,64.50
01/06/2023,56.00,64.90,1.20,"704,500","45,258,000,000",0,0,64.00,64.90,63.70
31/05/2023,54.97,63.70,-1.20,"558,900","36,047,000,000",0,0,64.90,65.20,63.70
30/05/2023,56.00,64.90,1.70,"1,244,200","80,434,000,000",0,0,63.30,65.30,63.30
29/05/2023,54.54,63.20,0.20,"417,800","26,428,000,000",0,0,63.70,63.70,63.00
26/05/2023,54.36,63.00,0.20,"388,000","24,383,000,000","3,000","189,000,000",63.00,63.50,62.50
25/05/2023,54.19,62.80,0.00,"434,300","27,097,000,000",0,0,62.80,62.90,62.00
24/05/2023,54.19,62.80,0.10,"308,500","19,386,000,000",0,0,62.70,63.00,62.70
23/05/2023,54.10,62.70,-0.30,"416,200","26,214,000,000",0,0,63.40,63.40,62.70
22/05/2023,54.36,63.00,0.70,"337,800","21,206,000,000",0,0,62.30,63.30,62.30
19/05/2023,53.76,62.30,-0.20,"305,100","18,960,000,000",0,0,62.00,62.90,61.90
18/05/2023,53.93,62.50,0.50,"362,800","22,509,000,000",0,0,62.00,62.50,61.70
17/05/2023,53.50,62.00,-1.20,"1,040,800","64,980,000,000",0,0,63.20,63.20,62.00
16/05/2023,54.54,63.20,-0.50,"577,800","36,631,000,000",0,0,63.90,64.00,62.90
15/05/2023,54.97,63.70,-0.40,"602,000","38,494,000,000",0,0,64.20,64.50,63.70
12/05/2023,55.31,64.10,-0.20,"546,100","34,959,000,000",0,0,64.00,64.50,63.90
11/05/2023,55.48,64.30,0.30,"550,900","35,596,000,000",0,0,64.20,65.40,64.00
10/05/2023,55.23,64.00,0.50,"421,200","26,962,000,000",0,0,63.90,64.40,63.70
09/05/2023,54.79,63.50,0.00,"324,200","20,639,000,000",0,0,63.60,64.40,63.00
08/05/2023,54.79,63.50,-0.50,"527,200","33,637,000,000",0,0,64.00,64.20,63.50
05/05/2023,55.23,64.00,-0.10,"254,700","16,310,000,000",0,0,64.10,64.50,63.80
04/05/2023,55.31,64.10,0.30,"471,300","30,167,000,000","20,000","1,268,000,000",62.90,64.70,62.90
28/04/2023,55.05,63.80,0.10,"516,900","33,096,000,000",0,0,64.30,64.60,63.50
27/04/2023,54.97,63.70,-0.40,"298,700","19,078,000,000",0,0,64.60,64.60,63.60
26/04/2023,55.31,64.10,1.10,"597,300","37,915,000,000",0,0,62.60,64.20,62.30
25/04/2023,54.36,63.00,-0.80,"758,900","48,253,000,000",0,0,64.00,64.40,62.70
24/04/2023,55.05,63.80,-1.80,"945,700","60,780,000,000",0,0,65.70,66.00,63.50
21/04/2023,56.61,65.60,-1.10,"998,900","65,882,000,000",0,0,67.20,67.20,65.00
20/04/2023,57.56,66.70,-0.90,"591,400","39,809,000,000",0,0,67.80,68.20,66.70
19/04/2023,58.33,67.60,1.60,"2,111,000","142,701,000,000",0,0,66.10,69.00,66.10
18/04/2023,56.95,66.00,0.50,"754,100","50,034,000,000",0,0,66.80,66.80,65.80
17/04/2023,56.52,65.50,0.50,"649,900","42,736,000,000",0,0,65.30,66.90,64.60
14/04/2023,56.09,65.00,-1.70,"1,035,000","68,639,000,000",0,0,66.90,67.50,65.00
13/04/2023,57.56,66.70,1.70,"1,578,000","104,351,000,000",0,0,65.40,67.00,64.90
12/04/2023,56.09,65.00,-0.50,"686,600","45,007,000,000",0,0,65.50,66.30,65.00
11/04/2023,56.52,65.50,-0.50,"733,200","48,134,000,000",0,0,66.00,66.30,65.00
10/04/2023,56.95,66.00,2.60,"2,271,400","150,301,000,000",0,0,64.00,67.40,63.90
07/04/2023,54.71,63.40,-0.60,"506,600","32,232,000,000",0,0,64.00,64.30,63.20
06/04/2023,55.23,64.00,-0.60,"1,146,600","73,804,000,000",0,0,64.60,65.40,63.90
05/04/2023,55.74,64.60,-0.40,"609,400","39,461,000,000",0,0,65.00,65.50,64.20
04/04/2023,56.09,65.00,3.50,"1,710,500","108,712,000,000",0,0,61.60,65.00,61.60
03/04/2023,53.07,61.50,0.50,"1,273,700","78,285,000,000",0,0,62.30,62.30,61.00
31/03/2023,52.64,61.00,-0.70,"858,300","53,005,000,000",0,0,61.70,62.50,61.00
30/03/2023,53.24,61.70,-1.60,"1,595,700","99,211,000,000",0,0,63.60,64.00,61.00
29/03/2023,54.62,63.30,-1.60,"1,610,200","102,593,000,000",0,0,65.50,65.50,62.50
28/03/2023,56.00,64.90,-0.20,"631,500","41,315,000,000",0,0,66.00,66.10,64.90
27/03/2023,56.17,65.10,0.10,"867,200","56,642,000,000",0,0,65.00,66.20,64.90
24/03/2023,56.09,65.00,1.10,"822,600","53,443,000,000",0,0,64.90,65.50,64.40
23/03/2023,55.14,63.90,-1.40,"1,079,500","69,768,000,000",0,0,65.30,66.10,63.90
22/03/2023,56.35,65.30,-1.60,"931,900","61,389,000,000",0,0,67.10,67.10,65.30
21/03/2023,57.73,66.90,0.90,"821,200","54,390,000,000",0,0,66.90,67.00,65.30
20/03/2023,56.95,66.00,-2.90,"1,736,500","116,583,000,000",0,0,69.00,69.50,65.80
17/03/2023,59.45,68.90,-1.10,"639,100","44,460,000,000","34,400","2,466,480,000",70.40,71.00,68.90
16/03/2023,60.40,70.00,-1.50,"615,200","43,171,000,000",0,0,70.50,71.00,69.60
15/03/2023,61.70,71.50,1.90,"480,100","34,270,000,000","34,400","2,476,800,000",71.70,72.00,70.50
14/03/2023,60.06,69.60,-1.20,"759,200","53,063,000,000",0,0,70.80,70.90,69.10
13/03/2023,61.09,70.80,-1.20,"452,000","32,135,000,000",0,0,71.00,71.50,70.80
10/03/2023,62.13,72.00,-0.50,"342,000","24,636,000,000",0,0,72.30,72.70,71.60
09/03/2023,62.56,72.50,0.10,"535,100","38,923,000,000",0,0,72.40,73.40,72.00
08/03/2023,62.47,72.40,2.50,"668,700","47,740,000,000",0,0,69.90,72.40,69.60
07/03/2023,60.32,69.90,0.00,"389,900","27,323,000,000",0,0,70.10,70.70,69.70
06/03/2023,60.32,69.90,0.40,"385,400","27,213,000,000",0,0,69.90,71.40,69.90
03/03/2023,59.97,69.50,-1.40,"485,500","34,140,000,000",0,0,71.30,71.30,69.50
02/03/2023,61.18,70.90,-0.80,"384,000","27,365,000,000",0,0,71.80,71.90,70.60
01/03/2023,61.87,71.70,2.70,"425,200","29,927,000,000",0,0,69.00,71.70,68.00
28/02/2023,59.54,69.00,-1.60,"710,400","49,993,000,000",0,0,71.00,71.50,68.60
27/02/2023,60.92,70.60,-2.10,"902,700","64,232,000,000",0,0,71.00,72.50,70.50
24/02/2023,62.73,72.70,-2.70,"852,200","62,545,000,000",0,0,75.40,75.50,72.70
23/02/2023,65.06,75.40,0.20,"1,045,700","77,584,000,000",0,0,75.20,75.90,72.80
22/02/2023,64.89,75.20,-0.60,"2,170,100","165,462,000,000",0,0,75.10,78.50,74.70
21/02/2023,65.41,75.80,-0.20,"1,332,200","101,880,000,000",0,0,76.80,77.80,75.80
20/02/2023,65.58,76.00,2.00,"1,320,400","99,261,000,000",0,0,74.10,76.90,73.80
17/02/2023,63.85,74.00,0.70,"726,700","53,960,000,000",0,0,73.30,75.70,73.00
16/02/2023,63.25,73.30,-0.20,"497,700","36,578,000,000",0,0,73.60,74.30,73.00
15/02/2023,63.42,73.50,0.50,"543,400","40,166,000,000",0,0,72.70,74.90,72.60
14/02/2023,62.99,73.00,1.10,"634,800","46,062,000,000",0,0,72.60,73.20,71.90
13/02/2023,62.04,71.90,0.20,"850,700","60,529,000,000",0,0,71.70,72.70,70.10
10/02/2023,61.87,71.70,-2.00,"1,124,500","81,042,000,000",0,0,73.00,74.60,70.60
09/02/2023,63.60,73.70,-1.60,"779,400","58,691,000,000",0,0,75.30,76.80,73.70
08/02/2023,64.98,75.30,-0.80,"1,083,700","81,819,000,000",0,0,75.80,77.70,73.80
07/02/2023,65.67,76.10,3.10,"2,864,400","217,573,000,000",0,0,73.50,77.20,73.10
06/02/2023,62.99,73.00,1.60,"1,814,500","131,214,000,000",0,0,71.40,73.40,70.70
03/02/2023,61.61,71.40,0.80,"1,259,500","89,237,000,000",0,0,71.40,71.40,70.00
02/02/2023,60.92,70.60,0.30,"529,100","37,269,000,000",0,0,70.70,71.50,69.90
01/02/2023,60.66,70.30,-3.50,"1,292,900","93,928,000,000",0,0,74.50,74.50,70.00
31/01/2023,63.68,73.80,-0.30,"797,100","58,516,000,000",0,0,73.50,74.20,72.50
30/01/2023,63.94,74.10,1.10,"1,348,300","100,402,000,000",0,0,74.00,75.40,73.00
27/01/2023,62.99,73.00,3.50,"1,677,100","121,182,000,000",0,0,69.80,73.40,69.80
19/01/2023,59.97,69.50,0.90,"777,100","53,426,000,000",0,0,67.80,69.50,67.70
18/01/2023,59.19,68.60,2.60,"837,300","57,002,000,000",0,0,66.00,69.30,66.00
17/01/2023,56.95,66.00,2.00,"398,400","25,947,000,000",0,0,64.00,66.00,64.00
16/01/2023,55.23,64.00,-1.50,"577,100","37,192,000,000",0,0,65.50,65.50,64.00
13/01/2023,56.52,65.50,-0.50,"490,100","32,327,000,000",0,0,66.00,66.60,65.50
12/01/2023,56.95,66.00,-0.20,"377,600","24,993,000,000",0,0,67.10,67.10,65.80
11/01/2023,57.12,66.20,-1.00,"661,000","44,336,000,000",0,0,67.50,67.80,66.20
10/01/2023,57.99,67.20,0.20,"315,300","21,160,000,000",0,0,67.40,68.10,66.80
09/01/2023,57.81,67.00,-2.00,"702,000","47,666,000,000",0,0,70.00,70.00,67.00
06/01/2023,59.54,69.00,-0.90,"416,700","29,070,000,000",0,0,69.90,70.50,68.60
05/01/2023,60.32,69.90,0.50,"284,500","19,883,000,000",0,0,69.40,70.90,69.20
04/01/2023,59.89,69.40,-1.20,"337,000","23,603,000,000",0,0,70.60,70.80,69.40
03/01/2023,60.92,70.60,1.60,"909,500","63,323,000,000",0,0,69.00,70.70,68.20
30/12/2022,59.54,69.00,0.50,"345,300","23,673,000,000",0,0,69.30,69.30,67.60
29/12/2022,59.11,68.50,-1.70,"248,400","17,041,000,000",0,0,68.20,69.40,68.10
28/12/2022,60.58,70.20,1.20,"318,300","22,057,000,000","30,000","1,935,000,000",69.80,70.20,68.00
27/12/2022,59.54,69.00,2.10,"366,400","24,952,000,000",0,0,66.70,69.00,66.70
26/12/2022,57.73,66.90,-4.10,"506,300","34,681,000,000",0,0,70.50,70.50,66.90
23/12/2022,61.27,71.00,-0.80,"363,300","25,707,000,000",0,0,70.50,71.40,70.20
22/12/2022,61.96,71.80,-0.20,"331,600","23,629,000,000",0,0,72.00,72.60,69.60
21/12/2022,62.13,72.00,0.00,"581,900","41,083,000,000",0,0,71.00,72.00,68.20
20/12/2022,62.13,72.00,-1.50,"1,731,400","121,188,000,000",0,0,72.10,73.00,68.50
19/12/2022,63.42,73.50,-1.20,"710,200","52,808,000,000",0,0,74.30,76.00,73.40
16/12/2022,64.46,74.70,-0.20,"480,900","35,625,000,000",0,0,74.00,74.90,73.20
15/12/2022,64.63,74.90,0.40,"845,000","62,787,000,000",0,0,74.40,75.00,73.10
14/12/2022,64.29,74.50,-0.50,"685,000","50,996,000,000",0,0,75.00,75.50,73.50
13/12/2022,64.72,75.00,1.00,"775,700","56,752,000,000",0,0,73.50,75.00,71.40
12/12/2022,63.85,74.00,0.40,"1,197,700","88,020,000,000",0,0,73.50,74.80,72.50
09/12/2022,63.51,73.60,0.70,"916,800","66,666,000,000",0,0,72.00,73.60,71.30
08/12/2022,62.91,72.90,2.90,"1,371,000","99,248,000,000",0,0,71.40,73.50,71.00
07/12/2022,60.40,70.00,1.20,"1,472,800","102,888,000,000",0,0,68.80,71.30,67.90
06/12/2022,59.37,68.80,-1.50,"1,897,200","133,779,000,000",0,0,70.30,73.00,67.80
05/12/2022,60.66,70.30,0.30,"1,072,500","76,147,000,000",0,0,70.50,72.50,69.80
02/12/2022,60.40,70.00,2.00,"1,111,800","75,585,000,000",0,0,68.00,70.00,66.30
01/12/2022,58.68,68.00,-3.00,"1,634,400","114,076,000,000",0,0,71.50,73.00,67.50
30/11/2022,61.27,71.00,4.60,"1,302,500","89,758,000,000",0,0,66.40,71.00,65.50
29/11/2022,57.30,66.40,3.30,"1,824,300","118,420,000,000",0,0,66.00,66.50,63.00
28/11/2022,54.45,63.10,4.10,"1,114,000","69,758,000,000",0,0,61.00,63.10,60.00
25/11/2022,50.91,59.00,1.20,"1,191,200","68,897,000,000",0,0,57.80,59.10,56.60
24/11/2022,49.88,57.80,-4.30,"1,962,300","114,786,000,000",0,0,61.20,62.00,57.80
23/11/2022,53.59,62.10,-1.30,"657,400","41,272,000,000",0,0,63.10,64.20,61.80
22/11/2022,54.71,63.40,0.70,"1,491,500","94,042,000,000",0,0,61.50,65.20,60.10
21/11/2022,54.10,62.70,-2.50,"1,179,800","75,373,000,000",0,0,65.60,65.60,62.70
18/11/2022,56.26,65.20,-0.20,"1,543,300","97,871,000,000",0,0,64.10,66.00,60.90
17/11/2022,56.43,65.40,1.50,"856,400","56,378,000,000",0,0,64.50,67.60,64.50
16/11/2022,55.14,63.90,4.10,"2,798,200","164,889,000,000",0,0,55.70,63.90,55.70
15/11/2022,51.60,59.80,-4.40,"654,500","39,152,000,000",0,0,59.80,62.00,59.80
14/11/2022,55.40,64.20,-4.80,"2,155,700","139,448,000,000",0,0,67.00,68.00,64.20
11/11/2022,59.54,69.00,-0.60,"1,113,900","78,717,000,000",0,0,72.10,72.10,69.00
10/11/2022,60.06,69.60,-5.20,"2,049,000","144,948,000,000",0,0,74.00,74.20,69.60
09/11/2022,64.54,74.80,0.80,"936,700","70,123,000,000",0,0,75.20,75.90,73.50
08/11/2022,63.85,74.00,2.80,"875,200","63,931,000,000",0,0,71.20,74.70,70.00
07/11/2022,61.44,71.20,-1.50,"1,474,600","106,042,000,000",0,0,73.00,75.00,68.60
04/11/2022,62.73,72.70,-3.90,"2,319,100","170,157,000,000",0,0,76.00,76.60,72.00
03/11/2022,66.10,76.60,-0.90,"1,079,600","83,824,000,000",0,0,76.00,79.20,76.00
02/11/2022,66.87,77.50,-3.20,"1,761,400","138,384,000,000",0,0,80.70,80.80,77.00
01/11/2022,69.64,80.70,-1.10,"1,615,000","133,844,000,000",0,0,82.40,84.50,80.70
31/10/2022,70.59,81.80,-0.20,"2,824,900","224,681,000,000",0,0,82.00,82.40,77.30
28/10/2022,70.76,82.00,1.30,"2,178,300","179,254,000,000",0,0,81.50,84.00,80.50
27/10/2022,69.64,80.70,5.20,"2,233,100","175,602,000,000",0,0,75.00,80.70,75.00
26/10/2022,65.15,75.50,-1.50,"837,400","64,080,000,000",0,0,78.00,78.30,75.30
25/10/2022,66.44,77.00,2.50,"1,665,000","126,773,000,000",0,0,75.10,78.50,72.50
24/10/2022,64.29,74.50,1.20,"2,130,200","159,062,000,000",0,0,74.00,77.80,72.00
21/10/2022,63.25,73.30,-5.50,"3,679,600","275,529,000,000",0,0,78.70,78.80,73.30
20/10/2022,68.00,78.80,-2.00,"1,089,400","86,418,000,000",50,"3,760,000",79.80,81.00,78.40
19/10/2022,69.72,80.80,2.80,"2,073,000","166,372,000,000",0,0,78.20,81.30,77.40
18/10/2022,67.31,78.00,-1.80,"1,718,900","135,230,000,000",0,0,81.50,81.50,76.80
17/10/2022,68.86,79.80,1.80,"2,511,200","198,186,000,000",0,0,78.10,80.20,76.00
14/10/2022,67.31,78.00,5.10,"2,934,900","224,868,000,000",0,0,74.10,78.00,73.30
13/10/2022,62.91,72.90,2.90,"1,935,400","138,930,000,000",0,0,70.50,73.30,70.30
12/10/2022,60.40,70.00,4.50,"2,023,400","140,317,000,000","20,000","1,399,000,000",66.00,70.00,66.00
11/10/2022,56.52,65.50,-2.40,"1,810,200","121,121,000,000",0,0,68.30,69.40,64.30
10/10/2022,58.59,67.90,4.40,"1,511,100","99,161,000,000",0,0,61.10,67.90,61.10
07/10/2022,54.79,63.50,-3.50,"1,829,200","117,534,000,000",0,0,66.60,66.60,62.80
06/10/2022,57.81,67.00,-4.00,"1,560,600","107,314,000,000",0,0,71.80,71.80,66.50
05/10/2022,61.27,71.00,4.00,"1,078,200","75,422,000,000",0,0,68.60,71.50,68.00
04/10/2022,57.81,67.00,-1.20,"1,282,300","87,361,000,000",0,0,69.90,70.50,66.40
03/10/2022,58.85,68.20,-5.10,"1,349,600","94,291,000,000",0,0,72.50,72.90,68.20
30/09/2022,63.25,73.30,2.30,"2,320,800","160,257,000,000","470,000","31,443,000,000",70.00,73.50,66.30
29/09/2022,61.27,71.00,-2.20,"1,636,900","120,240,000,000",0,0,75.00,75.60,70.50
28/09/2022,63.16,73.20,-5.50,"2,645,300","199,877,000,000","60,000","5,040,000,000",77.40,79.00,73.20
27/09/2022,67.91,78.70,-0.80,"1,246,600","99,158,000,000",0,0,80.00,80.50,78.70
26/09/2022,68.60,79.50,-5.90,"4,080,500","327,552,000,000","20,000","1,826,000,000",82.70,84.00,79.50
23/09/2022,73.69,85.40,-1.30,"745,600","64,185,000,000","20,000","1,740,000,000",86.70,87.00,85.00
22/09/2022,74.81,86.70,1.90,"1,435,000","122,119,000,000",0,0,83.60,86.90,83.20
21/09/2022,73.17,84.80,-1.70,"664,800","56,634,000,000","20,000","1,740,000,000",85.00,86.40,84.10
20/09/2022,74.64,86.50,2.50,"1,584,600","132,971,000,000",0,0,85.00,86.50,81.70
19/09/2022,72.48,84.00,-4.30,"2,560,200","218,598,000,000",0,0,88.10,88.50,83.50
16/09/2022,76.19,88.30,-2.70,"1,831,300","163,214,000,000",0,0,90.60,91.00,87.50
15/09/2022,78.52,91.00,-0.70,"1,216,400","111,587,000,000",0,0,92.10,92.50,91.00
14/09/2022,79.13,91.70,0.50,"1,959,500","177,067,000,000",0,0,88.80,91.90,88.80
13/09/2022,78.70,91.20,-0.70,"1,214,600","110,615,000,000","25,000","2,375,000,000",92.00,92.00,90.40
12/09/2022,79.30,91.90,3.70,"3,144,900","287,675,000,000",0,0,89.00,93.50,88.30
09/09/2022,76.11,88.20,2.00,"976,700","84,827,000,000",0,0,87.40,88.20,85.80
08/09/2022,74.38,86.20,1.20,"1,763,400","151,685,000,000",0,0,86.60,87.90,84.10
07/09/2022,73.35,85.00,-5.80,"3,605,600","317,583,000,000","60,000","5,700,000,000",90.20,90.80,85.00
06/09/2022,78.35,90.80,-1.00,"1,906,200","173,560,000,000",0,0,91.50,92.00,90.30
05/09/2022,79.21,91.80,0.80,"1,620,700","149,058,000,000","120,000","10,425,000,000",92.00,92.80,91.00
31/08/2022,78.52,91.00,2.00,"2,168,900","195,198,000,000",0,0,88.10,91.80,88.10
30/08/2022,76.80,89.00,0.40,"1,722,300","154,605,000,000","60,000","5,340,000,000",89.00,91.30,88.60
29/08/2022,76.45,88.60,-0.40,"3,025,100","262,050,000,000",0,0,87.20,89.20,83.80
26/08/2022,76.80,89.00,-0.10,"1,754,700","158,388,000,000",0,0,89.00,91.90,88.90
25/08/2022,76.88,89.10,0.80,"3,260,600","286,958,000,000",0,0,88.00,91.00,86.60
24/08/2022,76.19,88.30,-0.70,"1,556,900","138,510,000,000",0,0,90.00,90.40,87.80
23/08/2022,76.80,89.00,0.50,"1,074,800","94,553,000,000","110,000","9,940,000,000",87.10,89.00,86.80
22/08/2022,76.37,88.50,2.40,"2,155,400","189,520,000,000",0,0,86.00,89.90,86.00
19/08/2022,74.30,86.10,0.70,"1,945,900","168,640,000,000",0,0,85.90,88.10,85.00
18/08/2022,73.69,85.40,-0.10,"1,510,500","129,348,000,000","110,000","9,100,000,000",85.20,86.90,84.60
17/08/2022,73.78,85.50,-0.60,"1,401,400","120,774,000,000",0,0,86.00,87.80,85.10
16/08/2022,74.30,86.10,-1.70,"1,595,500","138,989,000,000",0,0,87.90,88.20,85.90
15/08/2022,75.76,87.80,3.20,"1,376,100","118,423,000,000",0,0,85.60,87.80,84.90
12/08/2022,73.00,84.60,5.50,"4,172,600","346,103,000,000",0,0,79.10,84.60,78.20
11/08/2022,68.26,79.10,0.50,"2,018,500","160,793,000,000",0,0,80.00,81.70,77.00
10/08/2022,67.82,78.60,-1.50,"1,385,400","109,896,000,000",0,0,80.00,80.40,78.60
09/08/2022,69.12,80.10,-0.10,"1,686,000","136,336,000,000",0,0,81.80,82.00,79.40
08/08/2022,69.20,80.20,5.20,"2,922,800","228,237,000,000","26,600","1,856,680,000",75.50,80.20,75.20
05/08/2022,64.72,75.00,0.80,"1,258,100","93,737,000,000",0,0,74.40,75.00,73.40
04/08/2022,64.03,74.20,1.70,"1,796,100","133,021,000,000",0,0,72.90,75.00,72.50
03/08/2022,62.56,72.50,-0.40,"869,000","62,888,000,000",0,0,71.90,73.40,71.80
02/08/2022,62.91,72.90,-1.10,"854,500","62,798,000,000",0,0,73.60,74.80,72.60
01/08/2022,63.85,74.00,2.00,"3,777,500","263,262,000,000",0,0,70.00,75.50,67.60
29/07/2022,62.13,72.00,-4.50,"2,589,200","191,816,000,000",0,0,76.60,77.40,72.00
28/07/2022,66.01,76.50,-1.50,"1,686,900","131,451,000,000",0,0,79.40,79.40,76.20
27/07/2022,67.31,78.00,1.00,"1,188,400","91,931,000,000",0,0,76.90,78.50,75.70
26/07/2022,66.44,77.00,0.50,"857,300","65,974,000,000",0,0,77.40,78.50,76.10
25/07/2022,66.01,76.50,0.00,"1,033,000","79,281,000,000",0,0,76.30,78.60,75.20
22/07/2022,66.01,76.50,-2.50,"948,500","73,760,000,000",0,0,79.00,79.50,76.50
21/07/2022,68.17,79.00,3.50,"2,558,600","203,331,000,000",0,0,77.00,80.60,77.00
20/07/2022,65.15,75.50,4.90,"1,222,000","90,990,000,000",0,0,71.50,75.50,71.20
19/07/2022,60.92,70.60,-1.90,"1,101,500","78,149,000,000",0,0,72.00,72.50,70.30
18/07/2022,62.56,72.50,-0.80,"1,522,700","110,058,000,000",0,0,73.30,74.90,70.00
15/07/2022,63.25,73.30,-2.70,"1,607,400","120,163,000,000",0,0,76.00,78.60,70.90
14/07/2022,65.58,76.00,-0.10,"1,170,500","87,277,000,000",0,0,74.10,76.00,73.60
13/07/2022,65.67,76.10,-1.90,"473,100","36,589,000,000","40,000","3,320,000,000",78.50,78.80,75.50
12/07/2022,67.31,78.00,3.50,"687,400","52,258,000,000",0,0,74.40,78.00,74.40
11/07/2022,64.29,74.50,-4.60,"1,036,300","78,373,000,000",0,0,77.80,78.10,73.60
08/07/2022,68.26,79.10,0.60,"503,800","40,184,000,000",0,0,79.50,81.10,77.90
07/07/2022,67.74,78.50,4.10,"948,200","72,832,000,000","40,000","2,920,000,000",74.00,79.40,74.00
06/07/2022,64.20,74.40,-5.60,"1,511,800","114,977,000,000",0,0,77.00,78.90,74.40
05/07/2022,69.03,80.00,-6.00,"2,376,400","194,444,000,000",0,0,85.50,86.00,80.00
04/07/2022,74.21,86.00,-2.80,"637,400","56,009,000,000",0,0,89.30,90.20,85.50
01/07/2022,76.63,88.80,-2.40,"1,912,900","166,588,000,000",0,0,90.30,90.90,84.90
30/06/2022,78.70,91.20,0.00,"737,200","67,621,000,000",0,0,92.20,93.00,90.50
29/06/2022,78.70,91.20,-2.80,"1,124,900","102,570,000,000",0,0,92.10,94.50,89.30
28/06/2022,81.11,94.00,5.00,"2,018,600","186,823,000,000",0,0,89.00,94.90,88.50
27/06/2022,76.80,89.00,-1.70,"1,136,000","102,185,000,000",0,0,90.40,92.00,88.20
24/06/2022,78.27,90.70,0.90,"866,600","79,351,000,000",0,0,91.50,93.50,90.00
23/06/2022,77.49,89.80,5.80,"1,464,400","124,790,000,000",0,0,81.00,89.80,80.70
22/06/2022,72.48,84.00,-6.30,"3,469,500","296,928,000,000",0,0,92.00,92.30,84.00
21/06/2022,77.92,90.30,-6.70,"1,458,400","137,384,000,000",0,0,96.70,98.70,90.30
20/06/2022,83.70,97.00,-5.00,"1,917,000","191,933,000,000",0,0,103.00,103.90,96.50
17/06/2022,88.02,102.00,4.30,"2,141,300","208,643,000,000",0,0,94.50,102.00,93.00
16/06/2022,84.31,97.70,6.30,"1,878,500","180,360,000,000",0,0,94.50,97.70,92.10
15/06/2022,78.87,91.40,1.40,"1,122,200","102,100,000,000",0,0,90.00,94.00,88.90
14/06/2022,77.66,90.00,-2.10,"1,729,800","153,452,000,000",0,0,86.10,92.00,86.10
13/06/2022,79.47,92.10,-6.90,"2,152,900","200,684,000,000","40,000","4,220,000,000",94.80,96.80,92.10
10/06/2022,85.43,99.00,-1.40,"1,621,800","164,065,000,000",0,0,99.00,103.80,98.00
09/06/2022,86.64,100.40,-2.30,"1,175,500","118,605,000,000",0,0,101.00,103.50,99.50
08/06/2022,88.62,102.70,6.60,"1,998,000","202,954,000,000","40,000","3,612,000,000",99.00,102.80,98.30
07/06/2022,82.92,96.10,-39.20,"1,849,800","174,641,000,000",0,0,96.00,96.10,91.10
06/06/2022,77.55,135.30,-0.90,"1,539,100","211,408,000,000",0,0,135.50,139.20,135.10
03/06/2022,78.06,136.20,0.20,"951,600","129,078,000,000",0,0,138.00,138.00,133.30
02/06/2022,77.95,136.00,4.50,"954,100","129,744,000,000",0,0,133.00,138.70,132.00
01/06/2022,75.37,131.50,7.60,"882,300","112,159,000,000",0,0,125.00,131.50,124.50
31/05/2022,71.01,123.90,-6.90,"1,580,800","200,697,000,000","38,000","4,636,000,000",131.00,131.00,122.00
30/05/2022,74.97,130.80,-2.00,"714,900","94,111,000,000",0,0,133.00,133.20,130.00
27/05/2022,76.11,132.80,8.30,"1,240,000","161,360,000,000",0,0,126.00,133.20,124.50
26/05/2022,71.36,124.50,2.70,"1,092,000","137,166,000,000","38,000","4,305,400,000",124.00,127.50,123.50
25/05/2022,69.81,121.80,7.90,"1,066,700","126,612,000,000",0,0,114.50,121.80,113.50
24/05/2022,65.28,113.90,2.40,"843,100","93,827,000,000","20,000","2,384,000,000",113.00,113.90,108.00
23/05/2022,63.90,111.50,3.00,"1,032,600","115,500,000,000",0,0,110.50,114.90,107.80
20/05/2022,62.19,108.50,-1.50,"1,241,100","135,724,000,000","38,000","4,180,000,000",109.80,111.90,107.50
19/05/2022,63.05,110.00,-3.50,"821,600","89,169,000,000","256,230","27,057,888,000",105.60,111.00,105.60
18/05/2022,65.05,113.50,4.80,"1,177,800","131,512,000,000",0,0,110.70,114.00,109.00
17/05/2022,62.30,108.70,7.10,"2,288,200","223,430,000,000","38,000","3,800,000,000",94.50,108.70,94.50
16/05/2022,58.23,101.60,-7.60,"1,241,400","130,149,000,000",0,0,110.00,114.00,101.60
13/05/2022,62.59,109.20,-8.20,"1,353,700","147,960,000,000",0,0,109.20,111.90,109.20
12/05/2022,67.29,117.40,-8.80,"1,006,700","119,676,000,000","38,000","5,092,000,000",125.60,126.00,117.40
11/05/2022,72.33,126.20,3.20,"566,100","70,962,000,000",0,0,124.20,128.70,123.00
10/05/2022,70.50,123.00,-9.00,"2,124,400","262,747,000,000",0,0,122.80,130.00,122.80
09/05/2022,75.65,132.00,-9.90,"1,169,600","154,902,000,000","58,000","8,274,000,000",136.50,138.90,132.00
06/05/2022,81.33,141.90,-10.60,"949,800","139,213,000,000",0,0,148.00,150.90,141.90
05/05/2022,87.40,152.50,-5.20,"699,700","108,118,000,000","296,540","43,502,418,000",158.10,159.50,149.30
04/05/2022,90.38,157.70,1.20,"917,400","144,563,000,000","58,000","9,000,000,000",155.00,159.50,154.30
29/04/2022,89.70,156.50,7.20,"735,400","112,246,000,000",0,0,147.00,158.00,146.80
28/04/2022,85.57,149.30,3.30,"504,500","75,503,000,000",0,0,146.50,153.00,146.00
27/04/2022,83.68,146.00,1.00,"528,500","74,990,000,000","58,000","8,992,000,000",142.00,148.00,136.20
26/04/2022,83.11,145.00,1.40,"1,477,500","201,248,000,000",0,0,133.70,147.00,133.60
25/04/2022,82.30,143.60,-10.80,"1,105,900","163,627,000,000",0,0,150.00,155.00,143.60
22/04/2022,88.49,154.40,-11.60,"2,374,600","373,572,000,000","58,000","9,848,800,000",165.60,168.00,154.40
21/04/2022,95.14,166.00,-2.10,"1,229,000","201,795,000,000",0,0,164.50,169.50,157.60
20/04/2022,96.34,168.10,-1.70,"578,300","98,902,000,000",0,0,169.80,175.00,167.20
19/04/2022,97.32,169.80,8.30,"1,464,200","245,084,000,000","61,300","9,655,660,000",162.50,172.80,161.00
18/04/2022,92.56,161.50,-3.00,"2,006,900","319,735,000,000",0,0,160.10,163.90,154.50
15/04/2022,94.28,164.50,-0.80,"798,800","131,488,000,000",0,0,163.50,169.90,162.10
14/04/2022,94.74,165.30,10.30,"1,663,800","272,384,000,000",0,0,156.00,165.80,156.00
13/04/2022,88.84,155.00,10.00,"610,500","91,000,000,000",0,0,144.90,155.00,143.80
12/04/2022,83.11,145.00,-2.70,"988,600","141,528,000,000",0,0,143.00,147.00,138.90
08/04/2022,84.65,147.70,-4.30,"856,700","127,345,000,000",0,0,153.00,154.50,142.00
07/04/2022,87.12,152.00,-4.40,"840,700","130,556,000,000","157,930","22,978,815,000",159.90,160.00,152.00
06/04/2022,89.64,156.40,2.90,"912,800","142,741,000,000",0,0,152.50,160.00,152.00
05/04/2022,87.98,153.50,0.50,"518,500","80,033,000,000",0,0,152.50,156.50,152.00
04/04/2022,87.69,153.00,0.80,"406,500","62,282,000,000",0,0,153.50,154.90,151.80
01/04/2022,87.23,152.20,2.10,"720,900","108,896,000,000",0,0,150.00,153.50,146.50
31/03/2022,86.03,150.10,-5.90,"1,587,400","240,161,000,000",0,0,155.60,155.60,148.00
30/03/2022,89.41,156.00,0.00,"700,000","109,518,000,000",0,0,156.00,159.50,153.20
29/03/2022,89.41,156.00,1.50,"666,400","103,317,000,000",0,0,156.30,156.90,153.00
28/03/2022,88.55,154.50,-1.00,"986,800","151,257,000,000",0,0,151.20,156.50,151.20
25/03/2022,89.12,155.50,5.50,"1,116,000","172,013,000,000",0,0,152.00,157.00,151.00
24/03/2022,85.97,150.00,1.00,"466,900","69,411,000,000",0,0,148.00,151.90,147.00
23/03/2022,85.40,149.00,6.00,"1,126,200","167,573,000,000",0,0,143.20,153.00,143.20
22/03/2022,81.96,143.00,-4.10,"1,566,800","224,269,000,000",0,0,145.50,147.00,140.00
21/03/2022,84.31,147.10,2.30,"796,900","116,871,000,000",0,0,144.00,149.50,142.10
18/03/2022,82.99,144.80,-1.00,"855,400","123,322,000,000",0,0,145.00,145.80,142.00
17/03/2022,83.56,145.80,9.40,"1,650,700","235,778,000,000",0,0,143.60,145.80,139.00
16/03/2022,78.18,136.40,8.90,"1,145,300","153,898,000,000",0,0,132.00,136.40,130.10
15/03/2022,73.08,127.50,2.70,"665,700","83,574,000,000",0,0,126.40,127.50,123.80
14/03/2022,71.53,124.80,-3.90,"1,322,400","164,363,000,000",0,0,126.30,128.00,121.30
11/03/2022,73.76,128.70,0.50,"1,070,400","140,971,000,000","40,000","4,846,000,000",131.00,134.40,127.00
10/03/2022,73.48,128.20,8.30,"638,100","80,085,000,000",0,0,120.20,128.20,120.20
09/03/2022,68.72,119.90,-1.00,"1,860,000","222,024,000,000",0,0,122.00,123.90,115.50
08/03/2022,69.29,120.90,-9.10,"1,882,800","237,440,000,000",0,0,129.00,130.90,120.90
07/03/2022,74.51,130.00,0.00,"693,100","89,803,000,000",0,0,130.30,133.00,128.00
04/03/2022,74.51,130.00,2.60,"1,154,400","150,551,000,000","20,000","2,380,000,000",127.10,134.40,126.00
03/03/2022,73.02,127.40,0.40,"964,100","121,809,000,000",0,0,127.00,129.20,124.80
02/03/2022,72.79,127.00,3.00,"903,500","113,735,000,000",0,0,124.00,128.70,123.00
01/03/2022,71.07,124.00,1.70,"1,289,300","158,889,000,000",0,0,120.70,126.80,118.90
28/02/2022,70.09,122.30,-2.70,"1,669,800","202,063,000,000",0,0,125.00,125.00,116.30
25/02/2022,71.64,125.00,0.30,"1,226,000","156,342,000,000",0,0,127.50,131.90,123.50
24/02/2022,71.47,124.70,8.10,"2,302,800","275,381,000,000",0,0,115.00,124.70,115.00
23/02/2022,66.83,116.60,0.60,"1,292,500","152,156,000,000",0,0,117.00,121.40,114.00
22/02/2022,66.48,116.00,7.50,"2,234,500","251,965,000,000",0,0,106.00,116.00,104.00
21/02/2022,62.19,108.50,6.00,"2,471,500","269,614,000,000",0,0,109.60,109.60,107.00
18/02/2022,58.75,102.50,6.70,"1,778,700","179,198,000,000",0,0,98.00,102.50,97.00
17/02/2022,54.91,95.80,1.60,"847,400","80,363,000,000",0,0,93.20,96.90,92.70
16/02/2022,53.99,94.20,-4.00,"1,612,400","155,495,000,000",0,0,99.60,99.60,94.00
15/02/2022,56.28,98.20,0.10,"1,062,500","105,645,000,000",0,0,98.70,101.00,98.10
14/02/2022,56.22,98.10,-0.90,"1,159,500","114,076,000,000",0,0,97.00,101.00,96.80
11/02/2022,56.74,99.00,2.00,"983,600","97,151,000,000",0,0,97.00,101.80,97.00
10/02/2022,55.59,97.00,1.20,"952,400","91,720,000,000","100,000","9,000,000,000",96.80,97.60,94.70
09/02/2022,54.91,95.80,1.80,"1,019,800","96,432,000,000",0,0,94.00,97.00,91.00
08/02/2022,53.88,94.00,0.20,"1,232,300","117,926,000,000",0,0,95.00,98.60,93.70
07/02/2022,53.76,93.80,6.10,"1,768,500","165,796,000,000",0,0,93.80,93.80,93.00
28/01/2022,50.26,87.70,4.70,"1,194,100","103,493,000,000",0,0,83.20,88.10,83.20
27/01/2022,47.57,83.00,2.40,"787,100","64,876,000,000",0,0,80.00,84.00,79.50
26/01/2022,46.19,80.60,0.00,"275,800","22,071,000,000",0,0,81.00,81.20,79.00
25/01/2022,46.19,80.60,0.90,"541,100","42,537,000,000",0,0,79.60,80.60,76.20
24/01/2022,45.68,79.70,-3.30,"723,000","57,188,000,000",0,0,82.00,82.00,77.20
21/01/2022,47.57,83.00,0.00,"529,700","43,888,000,000",0,0,83.00,83.90,81.40
20/01/2022,47.51,82.90,0.30,"404,000","33,334,000,000",0,0,84.00,84.00,80.60
19/01/2022,46.71,81.50,3.50,"698,000","53,622,000,000",0,0,77.90,81.80,73.10
18/01/2022,44.70,78.00,-3.90,"1,413,600","109,424,000,000",0,0,78.80,80.00,76.20
17/01/2022,46.94,81.90,-6.10,"1,181,600","99,411,000,000",0,0,86.90,87.40,81.90
14/01/2022,50.44,88.00,5.00,"1,350,800","115,493,000,000",0,0,80.00,88.20,80.00
13/01/2022,47.57,83.00,2.40,"966,200","79,777,000,000",0,0,80.00,85.50,80.00
12/01/2022,46.19,80.60,0.80,"2,320,800","175,060,000,000",0,0,77.50,80.60,74.30
11/01/2022,45.74,79.80,-6.00,"2,421,300","197,567,000,000",0,0,84.50,85.50,79.80
10/01/2022,49.18,85.80,-3.00,"1,284,200","112,754,000,000",0,0,91.40,91.40,84.10
07/01/2022,50.89,88.80,1.30,"2,288,900","194,097,000,000","500,000","40,750,000,000",84.10,88.80,82.70
06/01/2022,50.15,87.50,-6.50,"3,625,100","322,259,000,000",0,0,92.60,93.60,87.50
05/01/2022,53.88,94.00,-1.00,"1,543,900","146,848,000,000","80,000","8,128,000,000",93.70,99.00,92.50
04/01/2022,54.45,95.00,-5.20,"2,197,800","213,078,000,000",0,0,98.60,99.00,95.00
31/12/2021,57.43,100.20,-4.30,"2,483,400","247,892,000,000",0,0,105.30,105.30,97.20
30/12/2021,59.89,104.50,0.50,"972,300","102,719,000,000",0,0,104.50,107.50,103.00
29/12/2021,59.61,104.00,3.00,"574,100","58,873,000,000",0,0,100.10,104.50,99.50
28/12/2021,57.89,101.00,3.00,"705,900","70,044,000,000",0,0,99.00,101.00,96.10
27/12/2021,56.17,98.00,3.90,"1,364,500","135,542,000,000",0,0,97.90,100.60,95.40
24/12/2021,53.93,94.10,6.10,"1,421,400","131,221,000,000",0,0,88.00,94.10,87.30
23/12/2021,50.44,88.00,0.50,"1,146,600","100,772,000,000",0,0,87.30,89.90,86.30
22/12/2021,50.15,87.50,0.80,"993,500","86,621,000,000",0,0,85.30,89.90,85.30
21/12/2021,49.69,86.70,-0.50,"1,554,800","137,455,000,000",0,0,91.30,92.20,85.10
20/12/2021,49.98,87.20,5.70,"1,032,100","89,415,000,000",0,0,83.90,87.20,82.00
17/12/2021,46.71,81.50,5.30,"1,638,700","127,881,000,000",0,0,76.10,81.50,75.00
16/12/2021,43.67,76.20,-0.80,"1,083,600","83,039,000,000",0,0,77.80,77.90,75.60
15/12/2021,44.13,77.00,0.50,"1,146,100","88,105,000,000",0,0,76.50,78.80,75.50
14/12/2021,43.85,76.50,0.80,"1,646,200","126,392,000,000","20,000","1,440,000,000",75.90,79.00,73.90
13/12/2021,43.39,75.70,3.90,"1,787,200","133,367,000,000",0,0,71.90,76.80,71.90
10/12/2021,41.15,71.80,3.00,"2,154,000","151,835,000,000",0,0,70.90,71.80,69.40
09/12/2021,39.43,68.80,4.50,"1,729,900","116,457,000,000",0,0,64.50,68.80,63.40
08/12/2021,36.85,64.30,2.20,"1,102,600","69,315,000,000",0,0,62.30,64.30,61.50
07/12/2021,35.59,62.10,2.10,"1,086,100","66,098,000,000",0,0,61.00,62.30,59.70
06/12/2021,34.39,60.00,-2.00,"1,466,100","88,583,000,000",0,0,61.50,62.10,58.50
03/12/2021,35.53,62.00,-1.00,"1,117,900","69,704,000,000","30,000","2,022,000,000",63.00,63.80,61.10
02/12/2021,36.11,63.00,1.50,"1,696,900","106,261,000,000",0,0,61.70,64.20,61.00
01/12/2021,35.25,61.50,3.50,"2,008,300","120,988,000,000",0,0,58.80,61.60,58.00
30/11/2021,33.24,58.00,0.70,"1,094,400","64,386,000,000",0,0,58.20,59.80,57.70
29/11/2021,32.84,57.30,-0.90,"1,112,200","63,661,000,000",0,0,57.00,58.00,56.70
26/11/2021,33.36,58.20,-1.20,"1,175,600","69,033,000,000",0,0,60.30,60.30,58.00
25/11/2021,34.04,59.40,0.50,"988,200","58,596,000,000",0,0,59.00,60.00,58.80
24/11/2021,33.76,58.90,-0.10,"838,900","49,735,000,000",0,0,60.00,60.30,58.50
23/11/2021,33.82,59.00,3.10,"1,137,900","66,009,000,000",0,0,55.90,59.50,55.90
22/11/2021,32.04,55.90,-3.10,"1,801,000","102,558,000,000",0,0,57.90,59.00,55.50
19/11/2021,33.82,59.00,-1.50,"1,671,900","98,798,000,000",0,0,60.30,61.30,56.80
18/11/2021,34.67,60.50,-0.30,"811,000","49,335,000,000",0,0,61.30,61.40,60.00
17/11/2021,34.85,60.80,2.80,"1,836,300","109,277,000,000",0,0,58.10,61.00,57.50
16/11/2021,33.24,58.00,-1.20,"1,167,200","68,292,000,000","25,000","1,450,000,000",58.60,59.20,57.50
15/11/2021,33.93,59.20,0.90,"1,373,100","81,689,000,000","41,500","2,357,200,000",60.00,60.90,58.10
12/11/2021,33.41,58.30,3.80,"2,069,400","117,132,000,000",0,0,55.00,58.30,54.20
11/11/2021,31.24,54.50,-0.30,"1,541,400","84,640,000,000",0,0,55.20,56.00,53.90
10/11/2021,31.41,54.80,0.60,"1,332,000","72,766,000,000",0,0,53.90,55.80,53.70
09/11/2021,31.06,54.20,-0.60,"1,082,000","58,940,000,000","44,000","2,244,000,000",55.00,55.50,54.00
08/11/2021,31.41,54.80,-0.70,"1,057,100","58,343,000,000",0,0,55.50,56.10,54.50
05/11/2021,31.81,55.50,1.10,"1,251,700","68,428,000,000",0,0,54.40,56.30,53.50
04/11/2021,31.18,54.40,1.80,"1,862,800","100,252,000,000",0,0,52.60,55.40,52.50
03/11/2021,30.15,52.60,-3.80,"2,407,900","132,071,000,000",0,0,57.00,57.00,52.50
02/11/2021,32.33,56.40,1.50,"1,907,600","105,317,000,000",0,0,55.00,57.10,53.00
01/11/2021,31.47,54.90,2.80,"3,028,900","165,610,000,000",0,0,53.00,55.70,52.60
29/10/2021,29.86,52.10,0.20,"1,247,900","64,631,000,000",0,0,52.00,52.50,51.30
28/10/2021,29.75,51.90,0.80,"1,597,400","83,010,000,000",0,0,52.80,52.80,51.10
27/10/2021,29.29,51.10,3.25,"3,971,100","199,090,000,000","50,000","2,250,000,000",47.85,51.10,47.85
26/10/2021,27.42,47.85,0.55,"807,600","37,975,000,000",0,0,47.00,47.85,46.10
25/10/2021,27.11,47.30,-0.40,"1,122,700","53,788,000,000",0,0,48.00,48.55,47.30
22/10/2021,27.34,47.70,0.30,"1,360,900","64,845,000,000",0,0,47.40,48.30,47.00
21/10/2021,27.17,47.40,1.40,"1,273,100","58,870,000,000",0,0,46.00,47.40,45.60
20/10/2021,26.36,46.00,-0.95,"2,201,200","101,954,000,000",0,0,46.95,46.95,45.30
19/10/2021,26.91,46.95,-0.25,"722,600","33,956,000,000",0,0,47.20,47.20,46.85
18/10/2021,27.05,47.20,-0.50,"981,300","46,522,000,000",0,0,47.80,47.95,47.05
15/10/2021,27.34,47.70,0.70,"2,016,500","96,544,000,000",0,0,47.10,48.60,47.00
14/10/2021,26.94,47.00,0.10,"989,600","46,637,000,000",0,0,46.80,47.80,46.80
13/10/2021,26.88,46.90,-0.65,"1,262,900","59,702,000,000",0,0,47.80,47.80,46.90
12/10/2021,27.25,47.55,0.25,"1,282,600","60,755,000,000",0,0,47.10,48.00,46.90
11/10/2021,27.11,47.30,-0.70,"2,131,600","100,891,000,000",0,0,47.95,47.95,46.90
08/10/2021,27.51,48.00,-0.50,"1,390,500","66,864,000,000",0,0,48.60,48.60,47.60
07/10/2021,27.80,48.50,0.95,"1,492,100","71,941,000,000",0,0,47.95,48.60,47.90
